2026-06-30_16-06-13,0,main.go:2026-06-30_16-06-13
2026-07-02_14-39-41,0,main.go:2026-06-30_16-06-13
2026-07-02_14-54-22,0,main.go:2026-07-02_14-54-22
2026-07-02_14-56-02,0,main.go:2026-07-02_14-56-02
2026-07-02_14-56-17,0,main.go:2026-07-02_14-56-02
2026-07-02_14-56-18,---,main.go:2026-07-02_14-56-02
2026-07-02_14-58-49,14,main.go:2026-07-02_14-58-49
2026-07-02_14-59-18,14,main.go:2026-07-02_14-58-49
2026-07-02_15-00-43,14,main.go:2026-07-02_15-00-43
2026-07-02_15-01-25,14,main.go:2026-07-02_15-00-43
2026-07-02_15-05-26,14,main.go:2026-07-02_15-05-26
2026-07-02_15-05-56,14,main.go:2026-07-02_15-05-56
2026-07-02_15-06-17,100,main.go:2026-07-02_15-06-17
