2026-04-04_19-32-50,0,main.go:2026-04-04_19-32-50
2026-04-04_19-34-28,0,main.go:2026-04-04_19-34-28
2026-04-04_19-35-43,0,main.go:2026-04-04_19-35-43
2026-04-04_19-38-04,20,main.go:2026-04-04_19-38-04
2026-04-04_19-38-25,0,main.go:2026-04-04_19-38-25
2026-04-04_19-38-48,20,main.go:2026-04-04_19-38-48
2026-04-04_19-39-11,20,main.go:2026-04-04_19-39-11
2026-04-04_19-39-25,20,main.go:2026-04-04_19-39-25
2026-04-04_19-39-43,20,main.go:2026-04-04_19-39-43
2026-04-04_19-40-24,10,main.go:2026-04-04_19-40-24
2026-04-04_19-42-27,10,main.go:2026-04-04_19-40-24
2026-04-04_19-42-40,20,main.go:2026-04-04_19-42-40
2026-04-04_19-43-33,20,main.go:2026-04-04_19-43-33
2026-04-04_19-43-41,20,main.go:2026-04-04_19-43-41
2026-04-04_19-43-58,100,main.go:2026-04-04_19-43-58
