2026-04-03_08-55-30,0,main.go:2026-04-03_08-55-30
2026-04-03_08-55-49,0,main.go:2026-04-03_08-55-49
2026-04-03_08-55-55,0,main.go:2026-04-03_08-55-55
2026-04-03_08-57-44,0,main.go:2026-04-03_08-57-44
2026-04-03_09-34-58,0,main.go:2026-04-03_09-34-58
2026-04-03_09-35-08,0,main.go:2026-04-03_09-35-08
2026-04-03_09-35-22,0,main.go:2026-04-03_09-35-22
2026-04-03_09-36-54,0,main.go:2026-04-03_09-36-54
2026-04-03_09-37-07,0,main.go:2026-04-03_09-37-07
2026-04-03_09-37-41,0,main.go:2026-04-03_09-37-41
2026-04-03_09-38-31,0,main.go:2026-04-03_09-38-31
2026-04-03_09-40-27,0,main.go:2026-04-03_09-40-27
2026-04-03_09-40-48,0,main.go:2026-04-03_09-40-48
2026-04-03_19-34-35,0,main.go:2026-04-03_19-34-35
2026-04-03_19-34-53,0,main.go:2026-04-03_19-34-53
2026-04-03_19-37-54,0,main.go:2026-04-03_19-37-54
2026-04-03_19-38-04,0,main.go:2026-04-03_19-38-04
2026-04-03_19-38-38,0,main.go:2026-04-03_19-38-38
2026-04-03_19-44-23,0,main.go:2026-04-03_19-44-23
2026-04-03_19-44-42,0,main.go:2026-04-03_19-44-42
2026-04-03_19-46-06,0,main.go:2026-04-03_19-46-06
2026-04-03_19-47-13,0,main.go:2026-04-03_19-47-13
2026-04-03_19-47-36,0,main.go:2026-04-03_19-47-36
2026-04-03_19-56-34,0,main.go:2026-04-03_19-56-34
2026-04-03_19-56-43,0,main.go:2026-04-03_19-56-43
2026-04-03_20-03-17,0,main.go:2026-04-03_20-03-17
2026-04-03_20-04-43,0,main.go:2026-04-03_20-04-43
2026-04-03_20-04-54,0,main.go:2026-04-03_20-04-54
2026-04-03_20-06-27,0,main.go:2026-04-03_20-06-27
2026-04-03_20-06-36,0,main.go:2026-04-03_20-06-36
2026-04-03_20-07-45,0,main.go:2026-04-03_20-07-45
2026-04-03_20-09-03,0,main.go:2026-04-03_20-09-03
2026-04-03_20-09-25,0,main.go:2026-04-03_20-09-25
2026-04-03_20-09-39,0,main.go:2026-04-03_20-09-39
2026-04-03_20-10-31,0,main.go:2026-04-03_20-10-31
2026-04-03_20-11-08,0,main.go:2026-04-03_20-11-08
2026-04-03_20-19-56,0,main.go:2026-04-03_20-19-56
2026-04-03_20-24-38,0,main.go:2026-04-03_20-24-38
2026-04-03_20-24-48,0,main.go:2026-04-03_20-24-48
2026-04-03_20-25-10,0,main.go:2026-04-03_20-25-10
2026-04-03_20-25-25,0,main.go:2026-04-03_20-25-10
2026-04-03_20-30-16,0,main.go:2026-04-03_20-30-16
2026-04-03_20-30-39,0,main.go:2026-04-03_20-30-39
2026-04-03_20-32-21,0,main.go:2026-04-03_20-32-21
2026-04-03_20-32-27,0,main.go:2026-04-03_20-32-27
2026-04-03_20-32-46,0,main.go:2026-04-03_20-32-46
2026-04-03_20-38-17,0,main.go:2026-04-03_20-38-17
2026-04-03_20-38-28,0,main.go:2026-04-03_20-38-28
2026-04-03_20-41-08,0,main.go:2026-04-03_20-41-08
2026-04-03_20-41-17,0,main.go:2026-04-03_20-41-17
2026-04-03_20-42-16,0,main.go:2026-04-03_20-42-16
2026-04-03_20-42-42,0,main.go:2026-04-03_20-42-42
2026-04-03_20-42-53,0,main.go:2026-04-03_20-42-53
2026-04-03_20-44-39,0,main.go:2026-04-03_20-44-39
2026-04-03_20-44-57,0,main.go:2026-04-03_20-44-57
2026-04-03_20-45-36,0,main.go:2026-04-03_20-45-36
2026-04-03_20-45-45,0,main.go:2026-04-03_20-45-45
2026-04-03_20-46-47,0,main.go:2026-04-03_20-46-47
2026-04-03_20-47-08,0,main.go:2026-04-03_20-47-08
2026-04-03_20-48-25,16,main.go:2026-04-03_20-48-25
2026-04-03_20-51-35,16,main.go:2026-04-03_20-51-35
2026-04-03_20-52-10,16,main.go:2026-04-03_20-52-10
2026-04-03_20-52-35,33,main.go:2026-04-03_20-52-35
2026-04-03_20-52-42,33,main.go:2026-04-03_20-52-42
2026-04-03_20-52-42,33,main.go:2026-04-03_20-52-42
2026-04-03_20-53-28,33,main.go:2026-04-03_20-53-28
2026-04-03_20-53-45,33,main.go:2026-04-03_20-53-45
2026-04-03_20-54-38,33,main.go:2026-04-03_20-54-38
2026-04-03_20-55-24,33,main.go:2026-04-03_20-55-24
2026-04-03_20-55-36,33,main.go:2026-04-03_20-55-36
2026-04-03_20-56-22,50,main.go:2026-04-03_20-56-22
2026-04-03_21-03-13,0,main.go:2026-04-03_21-03-13
2026-04-03_21-03-19,50,main.go:2026-04-03_21-03-19
2026-04-03_21-14-04,0,main.go:2026-04-03_21-14-04
2026-04-03_21-14-14,0,main.go:2026-04-03_21-14-14
2026-04-03_21-15-09,50,main.go:2026-04-03_21-15-09
2026-04-03_21-38-00,0,main.go:2026-04-03_21-38-00
2026-04-03_21-39-25,66,main.go:2026-04-03_21-39-25
2026-04-04_08-55-53,0,main.go:2026-04-04_08-55-53
2026-04-04_09-08-39,0,main.go:2026-04-04_08-55-53
2026-04-04_09-09-07,66,main.go:2026-04-04_09-09-07
2026-04-04_09-17-05,66,main.go:2026-04-04_09-17-05
2026-04-04_09-22-21,0,main.go:2026-04-04_09-22-21
2026-04-04_09-22-29,83,main.go:2026-04-04_09-22-29
2026-04-06_10-11-53,83,main.go:2026-04-04_09-22-29
2026-04-06_10-38-08,83,main.go:2026-04-04_09-22-29
2026-04-06_10-41-15,100,main.go:2026-04-06_10-41-15
