2026-04-06_16-13-58,---,main.go:2026-04-06_16-13-58;pen.go:2026-04-06_16-13-58
2026-04-07_15-49-16,---,main.go:2026-04-06_16-13-58;pen.go:2026-04-06_16-13-58
2026-04-07_15-51-15,---,main.go:2026-04-07_15-51-15;pen.go:2026-04-06_16-13-58
2026-04-07_15-51-29,---,main.go:2026-04-07_15-51-29;pen.go:2026-04-06_16-13-58
2026-04-07_15-55-58,---,main.go:2026-04-07_15-55-58;pen.go:2026-04-06_16-13-58
2026-04-07_16-05-54,---,main.go:2026-04-07_16-05-54;pen.go:2026-04-06_16-13-58
2026-04-07_16-06-09,---,main.go:2026-04-07_16-06-09;pen.go:2026-04-06_16-13-58
2026-04-07_16-06-19,---,main.go:2026-04-07_16-06-19;pen.go:2026-04-06_16-13-58
2026-04-07_16-12-24,---,main.go:2026-04-07_16-12-24;pen.go:2026-04-06_16-13-58
2026-04-07_16-13-08,---,main.go:2026-04-07_16-13-08;pen.go:2026-04-06_16-13-58
2026-04-07_16-14-21,---,main.go:2026-04-07_16-14-21;pen.go:2026-04-06_16-13-58
2026-04-07_16-15-08,---,main.go:2026-04-07_16-15-08;pen.go:2026-04-06_16-13-58
2026-04-07_16-16-11,---,main.go:2026-04-07_16-16-11;pen.go:2026-04-06_16-13-58
2026-04-07_16-16-53,---,main.go:2026-04-07_16-16-53;pen.go:2026-04-06_16-13-58
2026-04-07_16-19-09,---,main.go:2026-04-07_16-19-09;pen.go:2026-04-06_16-13-58
2026-04-07_16-20-01,---,main.go:2026-04-07_16-20-01;pen.go:2026-04-06_16-13-58
2026-04-07_16-20-19,---,main.go:2026-04-07_16-20-19;pen.go:2026-04-06_16-13-58
2026-04-07_16-20-45,---,main.go:2026-04-07_16-20-45;pen.go:2026-04-06_16-13-58
2026-04-07_16-21-26,---,main.go:2026-04-07_16-21-26;pen.go:2026-04-06_16-13-58
2026-04-07_16-21-36,---,main.go:2026-04-07_16-21-36;pen.go:2026-04-06_16-13-58
2026-04-07_16-21-46,---,main.go:2026-04-07_16-21-46;pen.go:2026-04-06_16-13-58
2026-04-07_16-22-15,---,main.go:2026-04-07_16-22-15;pen.go:2026-04-06_16-13-58
2026-04-07_16-23-24,---,main.go:2026-04-07_16-23-24;pen.go:2026-04-06_16-13-58
2026-04-07_16-24-25,---,main.go:2026-04-07_16-24-25;pen.go:2026-04-06_16-13-58
2026-04-07_16-25-43,---,main.go:2026-04-07_16-25-43;pen.go:2026-04-06_16-13-58
2026-04-07_16-26-12,---,main.go:2026-04-07_16-26-12;pen.go:2026-04-06_16-13-58
2026-04-07_16-26-37,---,main.go:2026-04-07_16-26-37;pen.go:2026-04-06_16-13-58
2026-04-07_16-27-54,---,main.go:2026-04-07_16-27-54;pen.go:2026-04-06_16-13-58
2026-04-07_16-28-02,---,main.go:2026-04-07_16-28-02;pen.go:2026-04-06_16-13-58
2026-04-07_16-29-19,---,main.go:2026-04-07_16-29-19;pen.go:2026-04-06_16-13-58
2026-04-07_16-30-28,---,main.go:2026-04-07_16-30-28;pen.go:2026-04-06_16-13-58
2026-04-07_16-30-45,---,main.go:2026-04-07_16-30-45;pen.go:2026-04-06_16-13-58
2026-04-07_16-31-31,---,main.go:2026-04-07_16-31-31;pen.go:2026-04-06_16-13-58
2026-04-07_16-31-59,---,main.go:2026-04-07_16-31-59;pen.go:2026-04-06_16-13-58
2026-04-07_16-32-38,---,main.go:2026-04-07_16-32-38;pen.go:2026-04-06_16-13-58
2026-04-07_16-33-17,---,main.go:2026-04-07_16-33-17;pen.go:2026-04-06_16-13-58
2026-04-07_16-35-12,---,main.go:2026-04-07_16-35-12;pen.go:2026-04-06_16-13-58
2026-04-07_16-35-49,---,main.go:2026-04-07_16-35-49;pen.go:2026-04-06_16-13-58
2026-04-07_16-36-41,---,main.go:2026-04-07_16-36-41;pen.go:2026-04-06_16-13-58
2026-05-04_15-57-25,---,lista.go:2026-05-04_15-57-25;main.go:2026-05-04_15-57-25
