2026-03-31_14-05-17,0,shell.go:2026-03-31_14-05-17
2026-03-31_14-06-11,0,shell.go:2026-03-31_14-06-11
2026-03-31_14-10-50,0,shell.go:2026-03-31_14-10-50
2026-03-31_14-27-00,0,shell.go:2026-03-31_14-27-00
2026-03-31_14-27-59,0,shell.go:2026-03-31_14-27-59
2026-03-31_14-28-11,0,shell.go:2026-03-31_14-28-11
2026-03-31_14-28-26,0,shell.go:2026-03-31_14-28-11
2026-03-31_14-29-40,0,shell.go:2026-03-31_14-29-40
2026-03-31_14-31-16,0,shell.go:2026-03-31_14-31-16
2026-03-31_14-32-34,0,shell.go:2026-03-31_14-32-34
2026-03-31_14-33-32,0,shell.go:2026-03-31_14-32-34
2026-03-31_14-42-04,0,shell.go:2026-03-31_14-42-04
2026-03-31_14-43-07,0,shell.go:2026-03-31_14-42-04
2026-03-31_14-46-09,0,shell.go:2026-03-31_14-42-04
2026-03-31_14-53-47,0,shell.go:2026-03-31_14-53-47
2026-03-31_14-57-57,0,shell.go:2026-03-31_14-57-57
2026-03-31_15-00-22,0,shell.go:2026-03-31_15-00-22
2026-03-31_15-18-55,0,shell.go:2026-03-31_15-18-55
2026-03-31_15-19-13,0,shell.go:2026-03-31_15-19-13
2026-03-31_15-19-27,0,shell.go:2026-03-31_15-19-27
2026-03-31_15-19-45,0,shell.go:2026-03-31_15-19-45
2026-03-31_15-19-54,0,shell.go:2026-03-31_15-19-54
2026-03-31_15-24-02,0,shell.go:2026-03-31_15-24-02
2026-03-31_15-24-07,0,shell.go:2026-03-31_15-24-07
2026-03-31_15-24-25,0,shell.go:2026-03-31_15-24-25
2026-03-31_15-24-42,0,shell.go:2026-03-31_15-24-42
2026-03-31_15-26-30,0,shell.go:2026-03-31_15-26-30
2026-03-31_15-26-39,0,shell.go:2026-03-31_15-26-39
2026-03-31_15-27-14,0,shell.go:2026-03-31_15-26-39
2026-03-31_15-32-38,0,shell.go:2026-03-31_15-32-38
2026-03-31_15-32-52,0,shell.go:2026-03-31_15-32-52
2026-04-01_12-28-10,0,shell.go:2026-04-01_12-28-10
2026-04-01_12-28-31,0,shell.go:2026-04-01_12-28-31
2026-04-01_12-28-41,0,shell.go:2026-04-01_12-28-41
2026-04-01_12-31-53,0,shell.go:2026-04-01_12-31-53
2026-04-01_12-32-15,0,shell.go:2026-04-01_12-32-15
2026-04-01_12-32-28,0,shell.go:2026-04-01_12-32-28
2026-04-01_12-32-50,0,shell.go:2026-04-01_12-32-50
2026-04-01_12-38-30,12,shell.go:2026-04-01_12-38-30
2026-04-01_12-53-04,12,shell.go:2026-04-01_12-53-04
2026-04-01_12-58-17,0,shell.go:2026-04-01_12-58-17
2026-04-01_12-58-34,12,shell.go:2026-04-01_12-58-34
2026-04-01_12-59-37,0,shell.go:2026-04-01_12-59-37
2026-04-01_12-59-54,12,shell.go:2026-04-01_12-59-54
2026-04-01_13-01-06,12,shell.go:2026-04-01_13-01-06
2026-04-01_13-01-34,0,shell.go:2026-04-01_13-01-34
2026-04-01_13-01-44,0,shell.go:2026-04-01_13-01-44
2026-04-01_13-01-51,12,shell.go:2026-04-01_13-01-51
2026-04-01_13-02-03,12,shell.go:2026-04-01_13-02-03
2026-04-01_13-03-52,0,shell.go:2026-04-01_13-03-52
2026-04-01_13-04-06,12,shell.go:2026-04-01_13-04-06
2026-04-01_13-06-25,12,shell.go:2026-04-01_13-06-25
2026-04-01_13-06-33,12,shell.go:2026-04-01_13-06-33
2026-04-01_13-16-30,0,shell.go:2026-04-01_13-16-30
2026-04-01_13-16-41,0,shell.go:2026-04-01_13-16-41
2026-04-01_13-16-55,12,shell.go:2026-04-01_13-16-55
2026-04-01_13-17-16,12,shell.go:2026-04-01_13-17-16
2026-04-01_13-19-41,12,shell.go:2026-04-01_13-19-41
2026-04-01_13-20-13,12,shell.go:2026-04-01_13-20-13
2026-04-01_13-20-45,12,shell.go:2026-04-01_13-20-45
2026-04-01_13-22-23,12,shell.go:2026-04-01_13-22-23
2026-04-01_13-24-00,12,shell.go:2026-04-01_13-24-00
2026-04-01_13-24-23,12,shell.go:2026-04-01_13-24-23
2026-04-01_13-25-08,0,shell.go:2026-04-01_13-25-08
2026-04-01_13-25-32,12,shell.go:2026-04-01_13-25-32
2026-04-01_13-28-07,12,shell.go:2026-04-01_13-28-07
2026-04-01_13-28-15,12,shell.go:2026-04-01_13-28-15
2026-04-01_20-03-22,0,shell.go:2026-04-01_20-03-22
2026-04-01_20-03-45,0,shell.go:2026-04-01_20-03-45
2026-04-01_20-04-04,0,shell.go:2026-04-01_20-04-04
2026-04-01_20-04-16,0,shell.go:2026-04-01_20-04-16
2026-04-01_20-04-30,12,shell.go:2026-04-01_20-04-30
2026-04-01_20-05-01,12,shell.go:2026-04-01_20-05-01
2026-04-01_20-13-37,12,shell.go:2026-04-01_20-13-37
2026-04-01_20-14-01,12,shell.go:2026-04-01_20-14-01
2026-04-01_20-15-28,12,shell.go:2026-04-01_20-15-28
2026-04-01_20-16-05,12,shell.go:2026-04-01_20-16-05
2026-04-01_20-19-11,0,shell.go:2026-04-01_20-19-11
2026-04-01_20-19-40,0,shell.go:2026-04-01_20-19-40
2026-04-01_20-19-48,12,shell.go:2026-04-01_20-19-48
2026-04-01_20-20-55,12,shell.go:2026-04-01_20-20-55
2026-04-01_20-23-02,12,shell.go:2026-04-01_20-23-02
2026-04-01_20-24-24,12,shell.go:2026-04-01_20-24-24
2026-04-01_20-25-41,12,shell.go:2026-04-01_20-25-41
2026-04-01_20-26-51,12,shell.go:2026-04-01_20-26-51
2026-04-01_20-33-32,12,shell.go:2026-04-01_20-33-32
2026-04-01_20-34-41,0,shell.go:2026-04-01_20-34-41
2026-04-01_20-35-43,0,shell.go:2026-04-01_20-35-43
2026-04-01_20-35-53,0,shell.go:2026-04-01_20-35-53
2026-04-01_20-36-06,0,shell.go:2026-04-01_20-36-06
2026-04-01_20-40-05,0,shell.go:2026-04-01_20-40-05
2026-04-01_20-40-22,12,shell.go:2026-04-01_20-40-22
2026-04-01_20-44-21,0,shell.go:2026-04-01_20-44-21
2026-04-01_20-44-36,0,shell.go:2026-04-01_20-44-36
2026-04-01_20-45-07,12,shell.go:2026-04-01_20-45-07
2026-04-01_20-46-13,12,shell.go:2026-04-01_20-46-13
2026-04-01_20-46-44,0,shell.go:2026-04-01_20-46-44
2026-04-01_20-46-49,12,shell.go:2026-04-01_20-46-49
2026-04-01_20-48-06,0,shell.go:2026-04-01_20-48-06
2026-04-01_20-48-27,0,shell.go:2026-04-01_20-48-27
2026-04-01_20-48-35,12,shell.go:2026-04-01_20-48-35
2026-04-01_20-50-00,12,shell.go:2026-04-01_20-50-00
2026-04-01_20-50-31,12,shell.go:2026-04-01_20-50-31
2026-04-01_20-53-29,12,shell.go:2026-04-01_20-53-29
2026-04-01_20-56-00,25,shell.go:2026-04-01_20-56-00
2026-04-01_21-10-18,12,shell.go:2026-04-01_21-10-18
2026-04-01_21-14-35,25,shell.go:2026-04-01_21-14-35
2026-04-01_21-19-47,25,shell.go:2026-04-01_21-14-35
2026-04-01_21-21-09,12,shell.go:2026-04-01_21-21-09
2026-04-01_21-21-17,12,shell.go:2026-04-01_21-21-17
2026-04-01_21-21-21,12,shell.go:2026-04-01_21-21-17
2026-04-01_21-21-31,12,shell.go:2026-04-01_21-21-31
2026-04-01_21-21-36,25,shell.go:2026-04-01_21-21-36
2026-04-01_21-22-07,12,shell.go:2026-04-01_21-22-07
2026-04-01_21-25-10,25,shell.go:2026-04-01_21-25-10
2026-04-01_21-31-26,0,shell.go:2026-04-01_21-31-26
2026-04-01_21-31-34,25,shell.go:2026-04-01_21-31-34
2026-04-01_21-32-22,25,shell.go:2026-04-01_21-32-22
2026-04-01_21-32-33,25,shell.go:2026-04-01_21-32-33
2026-04-01_21-32-52,0,shell.go:2026-04-01_21-32-52
2026-04-01_21-32-59,25,shell.go:2026-04-01_21-32-59
2026-04-01_21-39-47,25,shell.go:2026-04-01_21-39-47
2026-04-01_21-43-10,25,shell.go:2026-04-01_21-43-10
2026-04-01_21-43-36,0,shell.go:2026-04-01_21-43-36
2026-04-01_21-43-43,25,shell.go:2026-04-01_21-43-43
2026-04-01_21-44-19,0,shell.go:2026-04-01_21-44-19
2026-04-01_21-44-29,25,shell.go:2026-04-01_21-44-29
2026-04-01_21-45-04,25,shell.go:2026-04-01_21-45-04
2026-04-01_21-48-52,25,shell.go:2026-04-01_21-48-52
2026-04-01_21-49-06,25,shell.go:2026-04-01_21-49-06
2026-04-01_21-50-28,25,shell.go:2026-04-01_21-50-28
2026-04-01_21-52-33,25,shell.go:2026-04-01_21-52-33
2026-04-01_21-52-46,25,shell.go:2026-04-01_21-52-46
2026-04-01_22-06-08,0,shell.go:2026-04-01_22-06-08
2026-04-01_22-07-48,25,shell.go:2026-04-01_22-07-48
2026-04-01_22-09-35,37,shell.go:2026-04-01_22-09-35
2026-04-01_22-10-37,37,shell.go:2026-04-01_22-10-37
2026-04-01_22-14-26,37,shell.go:2026-04-01_22-14-26
2026-04-01_22-15-17,37,shell.go:2026-04-01_22-15-17
2026-04-01_22-16-50,37,shell.go:2026-04-01_22-16-50
2026-04-01_22-18-10,37,shell.go:2026-04-01_22-18-10
2026-04-02_08-15-44,0,shell.go:2026-04-02_08-15-44
2026-04-02_08-15-54,0,shell.go:2026-04-02_08-15-54
2026-04-02_08-16-16,37,shell.go:2026-04-02_08-16-16
2026-04-02_08-27-08,---,shell.go:2026-04-02_08-27-08
2026-04-02_08-27-32,---,shell.go:2026-04-02_08-27-08
2026-04-02_08-27-57,37,shell.go:2026-04-02_08-27-08
2026-04-02_08-28-27,37,shell.go:2026-04-02_08-28-27
2026-04-02_08-38-00,50,shell.go:2026-04-02_08-38-00
2026-04-02_09-03-18,62,shell.go:2026-04-02_09-03-18
2026-04-02_09-07-01,0,shell.go:2026-04-02_09-07-01
2026-04-02_09-07-06,62,shell.go:2026-04-02_09-07-06
