2026-05-11_11-40-48,---,main.go:2026-05-11_11-40-48
2026-05-11_16-16-48,---,main.go:2026-05-11_16-16-48
2026-05-11_17-10-05,---,main.go:2026-05-11_17-10-05
2026-05-11_17-10-09,---,main.go:2026-05-11_17-10-05
2026-05-11_17-27-50,---,main.go:2026-05-11_17-27-50
2026-05-11_17-34-37,---,main.go:2026-05-11_17-34-37
2026-05-11_17-53-35,0,main.go:2026-05-11_17-53-35
2026-05-11_17-54-09,0,main.go:2026-05-11_17-54-09
2026-05-11_17-55-30,0,main.go:2026-05-11_17-55-30
2026-05-11_17-55-33,---,main.go:2026-05-11_17-55-30
2026-05-11_17-56-08,---,main.go:2026-05-11_17-55-30
2026-05-11_17-56-43,---,main.go:2026-05-11_17-55-30
2026-05-11_18-02-33,---,main.go:2026-05-11_18-02-33
2026-05-11_18-03-21,---,main.go:2026-05-11_18-02-33
2026-05-11_18-03-36,---,main.go:2026-05-11_18-02-33
2026-05-11_18-03-57,---,main.go:2026-05-11_18-02-33
2026-05-11_18-04-05,50,main.go:2026-05-11_18-02-33
2026-05-11_21-30-23,---,main.go:2026-05-11_21-30-23
2026-05-11_21-31-33,50,main.go:2026-05-11_21-31-33
2026-05-11_21-32-51,75,main.go:2026-05-11_21-32-51
2026-05-11_21-37-30,100,main.go:2026-05-11_21-37-30
2026-05-11_21-38-41,0,main.go:2026-05-11_21-38-41
2026-05-11_21-38-56,50,main.go:2026-05-11_21-38-56
2026-05-11_21-48-08,0,main.go:2026-05-11_21-48-08
2026-05-11_21-48-46,75,main.go:2026-05-11_21-48-46
2026-05-11_21-49-23,75,main.go:2026-05-11_21-49-23
2026-05-11_21-50-02,100,main.go:2026-05-11_21-50-02
