2026-04-03_23-32-42,0,main.go:2026-04-03_23-32-42
2026-04-03_23-32-58,0,main.go:2026-04-03_23-32-58
2026-04-03_23-47-51,0,main.go:2026-04-03_23-47-51
2026-04-03_23-48-04,0,main.go:2026-04-03_23-48-04
2026-04-03_23-49-55,0,main.go:2026-04-03_23-49-55
2026-04-03_23-50-03,0,main.go:2026-04-03_23-50-03
2026-04-03_23-50-17,0,main.go:2026-04-03_23-50-17
2026-04-03_23-51-42,0,main.go:2026-04-03_23-51-42
2026-04-03_23-53-01,0,main.go:2026-04-03_23-53-01
2026-04-03_23-53-39,0,main.go:2026-04-03_23-53-39
2026-04-03_23-53-44,0,main.go:2026-04-03_23-53-44
2026-04-03_23-54-26,0,main.go:2026-04-03_23-54-26
2026-04-03_23-55-40,0,main.go:2026-04-03_23-55-40
2026-04-03_23-55-48,0,main.go:2026-04-03_23-55-48
2026-04-03_23-57-04,0,main.go:2026-04-03_23-57-04
2026-04-03_23-58-10,0,main.go:2026-04-03_23-58-10
2026-04-04_08-58-21,0,main.go:2026-04-04_08-58-21
2026-04-04_08-59-22,0,main.go:2026-04-04_08-59-22
2026-04-04_08-59-32,100,main.go:2026-04-04_08-59-32
2026-04-04_09-01-02,0,main.go:2026-04-04_09-01-02
2026-04-04_09-01-08,0,main.go:2026-04-04_09-01-08
2026-04-04_09-01-31,100,main.go:2026-04-04_09-01-31
2026-05-30_17-16-34,---,main.go:2026-04-04_09-01-31
2026-06-29_22-47-57,100,main.go:2026-04-04_09-01-31
