2026-04-21_21-32-06,---,main.go:2026-04-21_21-32-06
2026-04-21_21-43-33,---,main.go:2026-04-21_21-43-33
2026-04-21_22-14-08,---,main.go:2026-04-21_22-14-08
2026-04-25_16-19-26,0,main.go:2026-04-25_16-19-26
2026-04-25_16-19-46,0,main.go:2026-04-25_16-19-46
2026-04-25_16-34-42,0,main.go:2026-04-25_16-34-42
2026-04-25_16-35-41,0,main.go:2026-04-25_16-35-41
2026-04-25_16-36-22,0,main.go:2026-04-25_16-36-22
2026-04-25_17-15-11,0,main.go:2026-04-25_17-15-11
2026-04-25_17-15-55,0,main.go:2026-04-25_17-15-55
2026-04-25_17-16-35,0,main.go:2026-04-25_17-16-35
2026-04-25_17-16-47,0,main.go:2026-04-25_17-16-47
2026-04-25_17-19-02,0,main.go:2026-04-25_17-19-02
2026-04-25_17-20-05,0,main.go:2026-04-25_17-20-05
2026-04-25_17-21-24,0,main.go:2026-04-25_17-21-24
2026-04-25_17-24-14,33,main.go:2026-04-25_17-24-14
2026-04-25_17-25-12,66,main.go:2026-04-25_17-25-12
2026-04-25_17-40-49,0,main.go:2026-04-25_17-40-49
2026-04-25_17-41-54,66,main.go:2026-04-25_17-41-54
2026-04-25_17-42-54,66,main.go:2026-04-25_17-42-54
2026-04-25_17-44-21,66,main.go:2026-04-25_17-44-21
2026-04-25_17-44-37,66,main.go:2026-04-25_17-44-37
2026-04-25_17-44-56,66,main.go:2026-04-25_17-44-56
2026-04-25_17-47-50,66,main.go:2026-04-25_17-47-50
2026-04-25_17-48-22,100,main.go:2026-04-25_17-48-22
2026-04-25_17-49-02,100,main.go:2026-04-25_17-48-22
2026-04-25_17-49-02,---,main.go:2026-04-25_17-48-22
2026-04-25_17-50-08,100,main.go:2026-04-25_17-50-08
2026-04-28_12-47-56,100,main.go:2026-04-25_17-50-08
2026-04-28_13-08-00,---,main.go:2026-04-25_17-50-08
2026-04-28_19-45-20,100,main.go:2026-04-25_17-50-08
