2026-07-07_01-31-42,0,dlist.go:2026-07-07_01-31-42;main.go:2026-07-07_01-31-42
2026-07-07_01-31-57,0,dlist.go:2026-07-07_01-31-42;main.go:2026-07-07_01-31-57
2026-07-07_01-32-07,0,dlist.go:2026-07-07_01-31-42;main.go:2026-07-07_01-32-07
2026-07-07_01-35-05,0,dlist.go:2026-07-07_01-31-42;main.go:2026-07-07_01-35-05
2026-07-07_01-35-21,---,dlist.go:2026-07-07_01-31-42;main.go:2026-07-07_01-35-05
2026-07-07_01-39-34,0,dlist.go:2026-07-07_01-31-42;main.go:2026-07-07_01-39-34
2026-07-07_01-39-37,---,dlist.go:2026-07-07_01-31-42;main.go:2026-07-07_01-39-34
2026-07-07_01-39-42,---,dlist.go:2026-07-07_01-31-42;main.go:2026-07-07_01-39-34
2026-07-07_01-42-50,0,dlist.go:2026-07-07_01-31-42;main.go:2026-07-07_01-42-50
2026-07-07_01-42-53,---,dlist.go:2026-07-07_01-31-42;main.go:2026-07-07_01-42-50
2026-07-07_01-49-18,0,dlist.go:2026-07-07_01-31-42;main.go:2026-07-07_01-49-18
2026-07-07_01-49-52,---,dlist.go:2026-07-07_01-31-42;main.go:2026-07-07_01-49-18
2026-07-07_02-23-55,---,dlist.go:2026-07-07_01-31-42;main.go:2026-07-07_01-49-18
2026-07-07_02-25-23,0,dlist.go:2026-07-07_01-31-42;main.go:2026-07-07_01-49-18
2026-07-07_02-25-28,---,dlist.go:2026-07-07_01-31-42;main.go:2026-07-07_01-49-18
2026-07-07_02-25-38,0,dlist.go:2026-07-07_01-31-42;main.go:2026-07-07_01-49-18
