2026-04-06_12-32-39,0,main.go:2026-04-06_12-32-39
2026-04-06_12-33-06,14,main.go:2026-04-06_12-33-06
2026-04-06_12-34-18,0,main.go:2026-04-06_12-34-18
2026-04-06_12-34-48,0,main.go:2026-04-06_12-34-48
2026-04-06_12-35-06,14,main.go:2026-04-06_12-35-06
2026-04-06_12-37-39,14,main.go:2026-04-06_12-37-39
2026-04-06_12-39-12,0,main.go:2026-04-06_12-39-12
2026-04-06_12-39-43,14,main.go:2026-04-06_12-39-43
2026-04-06_12-43-07,0,main.go:2026-04-06_12-43-07
2026-04-06_12-43-26,0,main.go:2026-04-06_12-43-26
2026-04-06_12-43-33,0,main.go:2026-04-06_12-43-26
2026-04-06_12-43-48,14,main.go:2026-04-06_12-43-48
2026-04-06_12-44-32,14,main.go:2026-04-06_12-44-32
2026-04-06_12-45-50,0,main.go:2026-04-06_12-45-50
2026-04-06_12-47-04,0,main.go:2026-04-06_12-47-04
2026-04-06_12-48-51,14,main.go:2026-04-06_12-48-51
2026-04-06_12-50-23,14,main.go:2026-04-06_12-50-23
2026-04-06_12-50-35,14,main.go:2026-04-06_12-50-35
2026-04-06_12-51-06,14,main.go:2026-04-06_12-51-06
2026-04-06_12-51-23,14,main.go:2026-04-06_12-51-23
2026-04-06_12-56-08,100,main.go:2026-04-06_12-56-08
2026-04-06_13-05-03,100,main.go:2026-04-06_13-05-03
