2026-06-01_21-18-17,0,main.go:2026-06-01_21-18-17;stack.go:2026-06-01_21-18-17
2026-06-01_21-22-09,0,main.go:2026-06-01_21-22-09;stack.go:2026-06-01_21-18-17
2026-06-01_21-23-50,0,main.go:2026-06-01_21-23-50;stack.go:2026-06-01_21-18-17
2026-06-02_09-24-08,0,main.go:2026-06-02_09-24-08;stack.go:2026-06-01_21-18-17
2026-06-02_09-24-23,0,main.go:2026-06-02_09-24-08;stack.go:2026-06-01_21-18-17
2026-06-02_09-25-33,0,main.go:2026-06-02_09-25-33;stack.go:2026-06-01_21-18-17
2026-06-02_09-26-48,0,main.go:2026-06-02_09-26-48;stack.go:2026-06-01_21-18-17
2026-06-02_09-28-21,0,main.go:2026-06-02_09-28-21;stack.go:2026-06-01_21-18-17
2026-06-02_09-28-53,0,main.go:2026-06-02_09-28-53;stack.go:2026-06-01_21-18-17
2026-06-02_09-29-06,0,main.go:2026-06-02_09-29-06;stack.go:2026-06-01_21-18-17
2026-06-02_09-29-56,100,main.go:2026-06-02_09-29-56;stack.go:2026-06-01_21-18-17
