2026-05-17_03-46-23,0,main.go:2026-05-17_03-46-23
2026-05-17_03-47-12,---,main.go:2026-05-17_03-46-23
2026-05-17_03-57-25,0,main.go:2026-05-17_03-46-23
2026-05-17_03-57-45,0,main.go:2026-05-17_03-46-23
2026-05-17_03-58-01,0,main.go:2026-05-17_03-46-23
2026-05-17_03-59-27,0,main.go:2026-05-17_03-46-23
2026-05-17_04-00-24,0,main.go:2026-05-17_03-46-23
2026-05-17_04-00-46,---,main.go:2026-05-17_03-46-23
2026-05-17_04-00-56,0,main.go:2026-05-17_03-46-23
2026-05-18_16-41-18,0,main.go:2026-05-18_16-41-18
2026-05-18_16-41-33,---,main.go:2026-05-18_16-41-33
2026-05-18_16-42-59,0,main.go:2026-05-18_16-41-33
2026-05-18_16-43-34,0,main.go:2026-05-18_16-43-34
2026-05-18_16-43-50,33,main.go:2026-05-18_16-43-50
2026-05-19_15-48-25,33,main.go:2026-05-18_16-43-50
