2026-04-19_14-37-11,---,main.go:2026-04-19_14-37-11
2026-04-19_14-38-26,---,main.go:2026-04-19_14-37-11
2026-04-19_14-39-50,0,main.go:2026-04-19_14-39-50
2026-04-19_14-40-39,0,main.go:2026-04-19_14-40-39
2026-04-19_14-42-45,0,main.go:2026-04-19_14-42-45
2026-04-19_14-47-15,0,main.go:2026-04-19_14-47-15
2026-04-19_14-47-26,0,main.go:2026-04-19_14-47-26
2026-04-19_14-47-33,0,main.go:2026-04-19_14-47-33
2026-04-22_19-19-11,0,main.go:2026-04-22_19-19-11
2026-04-28_12-48-02,---,main.go:2026-04-28_12-48-02
2026-04-28_13-08-54,---,main.go:2026-04-28_13-08-54
2026-04-28_13-49-09,---,main.go:2026-04-28_13-49-09
2026-04-28_13-49-21,---,main.go:2026-04-28_13-49-09
2026-04-28_13-54-52,---,main.go:2026-04-28_13-54-52
2026-04-28_13-56-59,---,main.go:2026-04-28_13-56-59
2026-04-28_13-58-08,33,main.go:2026-04-28_13-56-59
2026-04-28_14-00-59,---,main.go:2026-04-28_14-00-59
2026-04-28_14-02-41,50,main.go:2026-04-28_14-02-41
2026-04-28_14-08-03,---,main.go:2026-04-28_14-08-03
2026-04-28_14-15-44,---,main.go:2026-04-28_14-15-44
2026-04-28_14-25-47,50,main.go:2026-04-28_14-25-47
2026-04-28_14-26-17,50,main.go:2026-04-28_14-26-17
2026-04-28_14-27-50,---,main.go:2026-04-28_14-27-50
2026-04-28_14-30-18,---,main.go:2026-04-28_14-30-18
2026-04-28_14-31-35,50,main.go:2026-04-28_14-31-35
2026-04-28_14-34-54,66,main.go:2026-04-28_14-34-54
2026-04-28_14-40-21,---,main.go:2026-04-28_14-40-21
2026-04-28_14-41-16,---,main.go:2026-04-28_14-40-21
2026-04-28_14-42-24,66,main.go:2026-04-28_14-40-21
2026-04-28_15-48-25,66,main.go:2026-04-28_15-48-25
2026-04-28_16-04-54,0,main.go:2026-04-28_16-04-54
2026-04-28_16-05-05,83,main.go:2026-04-28_16-05-05
2026-04-28_16-14-32,0,main.go:2026-04-28_16-14-32
2026-04-28_16-15-30,83,main.go:2026-04-28_16-15-30
2026-04-28_16-15-59,83,main.go:2026-04-28_16-15-59
2026-04-28_21-13-10,---,main.go:2026-04-28_21-13-10
2026-04-28_21-17-17,16,main.go:2026-04-28_21-17-17
2026-04-28_21-19-16,0,main.go:2026-04-28_21-19-16
2026-04-28_21-19-47,0,main.go:2026-04-28_21-19-47
2026-04-28_21-20-53,33,main.go:2026-04-28_21-20-53
2026-04-28_21-22-52,33,main.go:2026-04-28_21-22-52
2026-04-28_21-22-59,50,main.go:2026-04-28_21-22-59
2026-04-28_21-28-17,0,main.go:2026-04-28_21-28-17
2026-04-28_21-28-42,0,main.go:2026-04-28_21-28-42
2026-04-28_21-29-22,33,main.go:2026-04-28_21-29-22
2026-04-28_21-29-33,---,main.go:2026-04-28_21-29-22
2026-04-28_21-31-20,---,main.go:2026-04-28_21-31-20
2026-04-28_21-34-34,---,main.go:2026-04-28_21-34-34
2026-04-28_21-37-11,---,main.go:2026-04-28_21-37-11
2026-04-28_21-39-01,50,main.go:2026-04-28_21-39-01
2026-04-28_21-44-00,0,main.go:2026-04-28_21-44-00
2026-04-28_21-44-12,66,main.go:2026-04-28_21-44-12
2026-04-28_22-02-21,0,main.go:2026-04-28_22-02-21
2026-04-28_22-02-38,100,main.go:2026-04-28_22-02-38
