2026-04-02_16-09-13,22,main.go:2026-04-02_16-09-13
2026-04-02_16-09-38,55,main.go:2026-04-02_16-09-38
2026-04-02_16-10-10,22,main.go:2026-04-02_16-10-10
2026-04-02_16-11-11,22,main.go:2026-04-02_16-11-11
2026-04-02_16-13-03,55,main.go:2026-04-02_16-13-03
2026-04-02_16-13-09,77,main.go:2026-04-02_16-13-09
2026-04-02_16-14-07,44,main.go:2026-04-02_16-14-07
2026-04-02_16-14-42,22,main.go:2026-04-02_16-14-42
2026-04-02_16-15-14,77,main.go:2026-04-02_16-15-14
2026-04-02_16-20-03,0,main.go:2026-04-02_16-20-03
2026-04-02_16-20-18,0,main.go:2026-04-02_16-20-18
2026-04-02_16-20-29,77,main.go:2026-04-02_16-20-29
2026-04-02_16-20-54,88,main.go:2026-04-02_16-20-54
2026-04-02_16-22-20,100,main.go:2026-04-02_16-22-20
2026-04-02_16-59-38,0,main.go:2026-04-02_16-59-38
2026-04-02_16-59-51,55,main.go:2026-04-02_16-59-51
2026-04-02_17-01-07,0,main.go:2026-04-02_17-01-07
2026-04-02_17-02-15,55,main.go:2026-04-02_17-02-15
2026-04-02_17-03-16,0,main.go:2026-04-02_17-03-16
2026-04-02_17-03-59,0,main.go:2026-04-02_17-03-59
2026-04-02_17-04-18,55,main.go:2026-04-02_17-04-18
2026-04-02_17-06-48,0,main.go:2026-04-02_17-06-48
2026-04-02_17-07-34,55,main.go:2026-04-02_17-07-34
2026-04-02_17-08-32,88,main.go:2026-04-02_17-08-32
2026-04-02_17-10-12,55,main.go:2026-04-02_17-10-12
2026-04-02_17-11-51,33,main.go:2026-04-02_17-11-51
2026-04-02_17-13-04,88,main.go:2026-04-02_17-13-04
2026-04-02_17-13-31,55,main.go:2026-04-02_17-13-31
2026-04-02_17-14-21,55,main.go:2026-04-02_17-13-31
2026-04-02_17-15-22,88,main.go:2026-04-02_17-15-22
2026-04-02_17-15-50,77,main.go:2026-04-02_17-15-50
2026-04-02_17-16-03,77,main.go:2026-04-02_17-15-50
2026-04-02_17-16-16,88,main.go:2026-04-02_17-16-16
2026-04-02_17-17-42,22,main.go:2026-04-02_17-17-42
2026-04-02_17-17-47,88,main.go:2026-04-02_17-17-47
2026-04-02_17-21-04,100,main.go:2026-04-02_17-21-04
2026-04-02_17-22-42,100,main.go:2026-04-02_17-22-42
2026-04-02_17-23-21,100,main.go:2026-04-02_17-23-21
