2026-04-19_16-30-49,---,main.go:2026-04-19_16-30-49
2026-04-19_16-33-21,---,main.go:2026-04-19_16-33-21
2026-04-19_16-35-02,---,main.go:2026-04-19_16-35-02
2026-04-19_16-36-55,0,main.go:2026-04-19_16-36-55
2026-04-19_16-38-03,0,main.go:2026-04-19_16-38-03
2026-04-19_16-39-47,18,main.go:2026-04-19_16-39-47
2026-04-19_16-46-04,---,main.go:2026-04-19_16-46-04
2026-04-19_16-46-24,---,main.go:2026-04-19_16-46-04
2026-04-19_16-47-25,---,main.go:2026-04-19_16-47-25
2026-04-19_16-47-41,---,main.go:2026-04-19_16-47-25
2026-04-19_17-03-51,0,main.go:2026-04-19_17-03-51
2026-04-19_17-04-02,0,main.go:2026-04-19_17-04-02
2026-04-19_17-05-15,18,main.go:2026-04-19_17-05-15
2026-04-19_17-37-48,0,main.go:2026-04-19_17-37-48
2026-04-19_17-38-00,9,main.go:2026-04-19_17-38-00
2026-04-19_17-45-08,18,main.go:2026-04-19_17-45-08
2026-04-19_18-04-11,---,main.go:2026-04-19_18-04-11
2026-04-19_18-07-47,---,main.go:2026-04-19_18-07-47
2026-04-19_18-15-55,---,main.go:2026-04-19_18-15-55
2026-04-19_18-25-29,---,main.go:2026-04-19_18-25-29
2026-04-19_18-27-22,27,main.go:2026-04-19_18-27-22
2026-04-19_18-33-41,---,main.go:2026-04-19_18-33-41
2026-04-19_18-34-15,27,main.go:2026-04-19_18-34-15
2026-04-19_18-37-04,0,main.go:2026-04-19_18-37-04
2026-04-19_18-37-14,27,main.go:2026-04-19_18-37-14
2026-04-19_18-37-19,---,main.go:2026-04-19_18-37-14
2026-04-19_18-44-05,36,main.go:2026-04-19_18-44-05
2026-04-20_14-18-52,---,main.go:2026-04-20_14-18-52
2026-04-20_14-45-56,---,main.go:2026-04-20_14-45-56
2026-04-20_14-48-34,45,main.go:2026-04-20_14-48-34
2026-04-20_14-50-00,54,main.go:2026-04-20_14-50-00
2026-04-20_15-01-13,---,main.go:2026-04-20_15-01-13
2026-04-20_15-03-45,63,main.go:2026-04-20_15-03-45
2026-04-20_15-12-54,---,main.go:2026-04-20_15-12-54
2026-04-20_15-24-07,---,main.go:2026-04-20_15-24-07
2026-04-20_15-33-21,0,main.go:2026-04-20_15-33-21
2026-04-20_15-33-33,81,main.go:2026-04-20_15-33-33
2026-04-20_15-41-08,---,main.go:2026-04-20_15-41-08
2026-04-20_15-43-42,90,main.go:2026-04-20_15-43-42
2026-04-20_15-51-53,0,main.go:2026-04-20_15-51-53
2026-04-20_15-52-03,90,main.go:2026-04-20_15-52-03
2026-04-20_16-25-05,0,main.go:2026-04-20_16-25-05
2026-04-20_16-25-36,0,main.go:2026-04-20_16-25-36
2026-04-20_16-25-59,0,main.go:2026-04-20_16-25-59
2026-04-20_16-26-27,0,main.go:2026-04-20_16-26-27
2026-04-20_16-26-32,0,main.go:2026-04-20_16-26-32
2026-04-20_16-26-42,90,main.go:2026-04-20_16-26-42
2026-04-20_16-29-09,90,main.go:2026-04-20_16-29-09
2026-04-20_16-29-49,90,main.go:2026-04-20_16-29-49
2026-04-20_16-30-15,100,main.go:2026-04-20_16-30-15
2026-04-22_12-07-21,---,main.go:2026-04-22_12-07-21
2026-04-22_19-21-23,100,main.go:2026-04-22_12-07-21
2026-04-23_21-42-36,100,main.go:2026-04-22_12-07-21
2026-04-25_17-24-04,100,main.go:2026-04-25_17-24-04
2026-04-28_20-51-55,---,main.go:2026-04-25_17-24-04
2026-04-28_22-03-36,100,main.go:2026-04-25_17-24-04
2026-04-29_08-06-48,100,main.go:2026-04-25_17-24-04
