2026-04-08_13-09-09,0,draft.go:2026-04-08_13-09-09
2026-04-08_13-09-24,0,draft.go:2026-04-08_13-09-24
2026-04-08_13-10-34,0,draft.go:2026-04-08_13-10-34
2026-04-08_13-10-41,0,draft.go:2026-04-08_13-10-41
2026-04-08_13-11-15,0,draft.go:2026-04-08_13-11-15
2026-04-08_13-11-32,0,draft.go:2026-04-08_13-11-32
2026-04-08_13-12-00,0,draft.go:2026-04-08_13-12-00
2026-04-08_13-12-07,0,draft.go:2026-04-08_13-12-07
2026-04-08_13-12-15,0,draft.go:2026-04-08_13-12-15
2026-04-08_13-12-34,0,draft.go:2026-04-08_13-12-34
2026-04-08_13-12-42,0,draft.go:2026-04-08_13-12-42
2026-04-08_13-13-08,0,draft.go:2026-04-08_13-13-08
2026-04-08_13-13-56,0,draft.go:2026-04-08_13-13-56
2026-04-08_13-14-00,0,draft.go:2026-04-08_13-14-00
2026-04-08_13-14-43,100,draft.go:2026-04-08_13-14-43
2026-04-08_13-15-11,100,draft.go:2026-04-08_13-15-11
2026-04-09_16-32-20,0,draft.go:2026-04-09_16-32-20
2026-04-09_16-32-38,100,draft.go:2026-04-09_16-32-38
2026-04-09_16-46-52,0,draft.go:2026-04-09_16-46-52
2026-04-09_16-47-10,100,draft.go:2026-04-09_16-47-10
2026-04-09_17-21-36,100,draft.go:2026-04-09_16-47-10
