2026-06-30_14-29-48,20,main.go:2026-06-30_14-29-48;stack.go:2026-06-30_14-29-48
2026-06-30_14-30-21,20,main.go:2026-06-30_14-30-21;stack.go:2026-06-30_14-29-48
2026-06-30_14-31-25,0,main.go:2026-06-30_14-31-25;stack.go:2026-06-30_14-29-48
2026-06-30_14-31-30,0,main.go:2026-06-30_14-31-30;stack.go:2026-06-30_14-29-48
2026-06-30_14-31-40,0,main.go:2026-06-30_14-31-40;stack.go:2026-06-30_14-29-48
2026-06-30_14-31-51,0,main.go:2026-06-30_14-31-51;stack.go:2026-06-30_14-29-48
2026-06-30_14-32-03,40,main.go:2026-06-30_14-32-03;stack.go:2026-06-30_14-29-48
2026-06-30_14-33-09,20,main.go:2026-06-30_14-33-09;stack.go:2026-06-30_14-29-48
2026-06-30_14-33-28,40,main.go:2026-06-30_14-33-28;stack.go:2026-06-30_14-29-48
2026-06-30_14-34-03,100,main.go:2026-06-30_14-34-03;stack.go:2026-06-30_14-29-48
