2026-04-07_14-34-40,0,draft.go:2026-04-07_14-34-40
2026-04-07_14-35-53,0,draft.go:2026-04-07_14-35-53
2026-04-07_14-36-02,0,draft.go:2026-04-07_14-36-02
2026-04-07_14-36-09,0,draft.go:2026-04-07_14-36-09
2026-04-07_14-37-55,0,draft.go:2026-04-07_14-37-55
2026-04-07_14-38-37,0,draft.go:2026-04-07_14-38-37
2026-04-07_14-39-48,0,draft.go:2026-04-07_14-39-48
2026-04-07_14-40-10,0,draft.go:2026-04-07_14-40-10
2026-04-07_14-40-27,0,draft.go:2026-04-07_14-40-27
2026-04-07_14-41-45,0,draft.go:2026-04-07_14-40-27
2026-04-07_14-43-27,0,draft.go:2026-04-07_14-43-27
2026-04-07_14-43-37,0,draft.go:2026-04-07_14-43-37
2026-04-07_14-44-16,0,draft.go:2026-04-07_14-44-16
2026-04-07_14-44-23,0,draft.go:2026-04-07_14-44-23
2026-04-07_14-44-38,0,draft.go:2026-04-07_14-44-38
2026-04-07_14-44-49,0,draft.go:2026-04-07_14-44-49
2026-04-07_14-46-25,0,draft.go:2026-04-07_14-46-25
2026-04-07_14-46-35,0,draft.go:2026-04-07_14-46-35
2026-04-07_14-46-46,0,draft.go:2026-04-07_14-46-46
2026-04-07_14-46-56,0,draft.go:2026-04-07_14-46-56
2026-04-07_14-48-03,0,draft.go:2026-04-07_14-48-03
2026-04-07_14-48-12,0,draft.go:2026-04-07_14-48-12
2026-04-07_14-48-45,0,draft.go:2026-04-07_14-48-45
2026-04-07_14-49-02,0,draft.go:2026-04-07_14-49-02
2026-04-07_14-49-12,0,draft.go:2026-04-07_14-49-12
2026-04-07_14-49-20,0,draft.go:2026-04-07_14-49-20
2026-04-07_14-49-48,0,draft.go:2026-04-07_14-49-48
2026-04-07_14-50-05,0,draft.go:2026-04-07_14-50-05
2026-04-10_19-08-00,0,draft.go:2026-04-07_14-50-05
2026-04-10_19-08-31,0,draft.go:2026-04-10_19-08-31
2026-04-10_19-08-37,0,draft.go:2026-04-10_19-08-37
2026-04-10_19-08-47,0,draft.go:2026-04-10_19-08-47
2026-04-10_19-08-55,0,draft.go:2026-04-10_19-08-55
