2026-03-25_23-20-09,0,shell.go:2026-03-25_23-20-09
2026-03-29_16-08-33,0,shell.go:2026-03-29_16-08-33
2026-03-29_16-09-00,0,shell.go:2026-03-29_16-09-00
2026-03-29_16-09-14,0,shell.go:2026-03-29_16-09-14
2026-03-29_16-10-16,0,shell.go:2026-03-29_16-10-16
2026-03-29_16-10-41,14,shell.go:2026-03-29_16-10-41
2026-03-29_16-16-17,0,shell.go:2026-03-29_16-16-17
2026-03-29_16-16-31,0,shell.go:2026-03-29_16-16-31
2026-03-29_16-16-42,0,shell.go:2026-03-29_16-16-42
2026-03-29_16-16-49,0,shell.go:2026-03-29_16-16-49
2026-03-29_16-17-04,14,shell.go:2026-03-29_16-17-04
2026-03-29_16-18-45,14,shell.go:2026-03-29_16-18-45
2026-03-29_16-26-49,0,shell.go:2026-03-29_16-26-49
2026-03-29_16-27-04,0,shell.go:2026-03-29_16-27-04
2026-03-29_16-27-25,0,shell.go:2026-03-29_16-27-25
2026-03-29_16-30-57,0,shell.go:2026-03-29_16-30-57
2026-03-29_16-31-18,14,shell.go:2026-03-29_16-31-18
2026-03-29_16-33-34,0,shell.go:2026-03-29_16-33-34
2026-03-29_16-34-38,14,shell.go:2026-03-29_16-34-38
2026-03-29_16-38-08,14,shell.go:2026-03-29_16-38-08
2026-03-29_16-38-38,0,shell.go:2026-03-29_16-38-38
2026-03-29_16-38-46,14,shell.go:2026-03-29_16-38-46
2026-03-29_16-39-10,14,shell.go:2026-03-29_16-39-10
2026-03-29_16-39-18,28,shell.go:2026-03-29_16-39-18
2026-03-29_16-41-41,0,shell.go:2026-03-29_16-41-41
2026-03-29_16-53-50,0,shell.go:2026-03-29_16-53-50
2026-03-29_16-54-02,0,shell.go:2026-03-29_16-54-02
2026-03-29_16-54-11,28,shell.go:2026-03-29_16-54-11
2026-03-29_16-54-28,0,shell.go:2026-03-29_16-54-28
2026-03-29_16-58-02,0,shell.go:2026-03-29_16-58-02
2026-03-29_16-58-22,42,shell.go:2026-03-29_16-58-22
2026-03-29_17-01-13,42,shell.go:2026-03-29_17-01-13
2026-03-29_17-05-40,42,shell.go:2026-03-29_17-01-13
2026-03-29_17-10-21,0,shell.go:2026-03-29_17-10-21
2026-03-29_17-10-32,0,shell.go:2026-03-29_17-10-32
2026-03-29_17-10-43,0,shell.go:2026-03-29_17-10-43
2026-03-29_17-10-53,57,shell.go:2026-03-29_17-10-53
2026-03-29_17-11-50,57,shell.go:2026-03-29_17-11-50
2026-03-29_17-12-09,57,shell.go:2026-03-29_17-12-09
2026-03-29_17-12-57,57,shell.go:2026-03-29_17-12-57
2026-03-29_17-13-30,57,shell.go:2026-03-29_17-13-30
2026-03-29_17-15-05,0,shell.go:2026-03-29_17-15-05
2026-03-29_17-15-18,57,shell.go:2026-03-29_17-15-18
2026-03-29_17-17-58,57,shell.go:2026-03-29_17-17-58
2026-03-29_17-22-25,57,shell.go:2026-03-29_17-22-25
2026-03-29_17-22-42,57,shell.go:2026-03-29_17-22-42
2026-03-29_17-24-34,42,shell.go:2026-03-29_17-24-34
2026-03-29_17-24-41,42,shell.go:2026-03-29_17-24-41
2026-03-29_17-25-00,42,shell.go:2026-03-29_17-25-00
2026-03-29_17-27-36,0,shell.go:2026-03-29_17-27-36
2026-03-29_17-27-50,0,shell.go:2026-03-29_17-27-50
2026-03-29_17-28-02,0,shell.go:2026-03-29_17-28-02
2026-03-29_17-29-12,0,shell.go:2026-03-29_17-29-12
2026-03-29_17-29-25,0,shell.go:2026-03-29_17-29-25
2026-03-29_17-29-58,71,shell.go:2026-03-29_17-29-58
2026-03-29_17-30-20,0,shell.go:2026-03-29_17-30-20
2026-03-29_17-31-12,71,shell.go:2026-03-29_17-31-12
2026-03-29_17-31-25,71,shell.go:2026-03-29_17-31-25
2026-03-29_17-58-51,0,shell.go:2026-03-29_17-58-51
2026-03-29_17-59-11,0,shell.go:2026-03-29_17-58-51
2026-03-29_17-59-23,71,shell.go:2026-03-29_17-59-23
2026-03-29_20-39-32,71,shell.go:2026-03-29_17-59-23
2026-03-29_20-53-49,0,shell.go:2026-03-29_20-53-49
2026-03-29_20-54-07,0,shell.go:2026-03-29_20-54-07
2026-03-29_20-54-22,71,shell.go:2026-03-29_20-54-22
2026-03-29_21-03-05,71,shell.go:2026-03-29_21-03-05
2026-03-29_21-03-28,71,shell.go:2026-03-29_21-03-28
2026-03-29_21-03-45,71,shell.go:2026-03-29_21-03-45
2026-03-29_21-10-50,0,shell.go:2026-03-29_21-10-50
2026-03-29_21-11-04,0,shell.go:2026-03-29_21-11-04
2026-03-29_21-11-22,0,shell.go:2026-03-29_21-11-22
2026-03-29_21-11-44,0,shell.go:2026-03-29_21-11-44
2026-03-29_21-11-51,85,shell.go:2026-03-29_21-11-51
2026-03-29_21-17-29,100,shell.go:2026-03-29_21-17-29
