2026-06-22_10-00-59,0,draft.go:2026-06-22_10-00-59
2026-06-22_10-01-08,---,draft.go:2026-06-22_10-00-59
2026-06-22_10-34-51,0,draft.go:2026-06-22_10-34-51
2026-06-22_10-34-53,---,draft.go:2026-06-22_10-34-51
2026-06-22_10-39-35,---,draft.go:2026-06-22_10-39-35
2026-06-22_11-31-59,0,draft.go:2026-06-22_11-31-59
2026-06-22_11-32-10,40,draft.go:2026-06-22_11-32-10
2026-06-22_16-42-16,0,draft.go:2026-06-22_16-42-16
2026-06-22_16-42-41,0,draft.go:2026-06-22_16-42-41
2026-06-22_16-44-38,0,draft.go:2026-06-22_16-44-38
2026-06-22_16-46-22,100,draft.go:2026-06-22_16-46-22
